dns.domain.name,dns.domain.details
cloud-mail.ink,UAC-0063: Cyber Espionage Operation Expanding from Central Asia (464)
background-services.net,UAC-0063: Cyber Espionage Operation Expanding from Central Asia (464)
lookup.ink,UAC-0063: Cyber Espionage Operation Expanding from Central Asia (464)
futuresfurnitures.com,UAC-0063: Cyber Espionage Operation Expanding from Central Asia (464)
automation-embedding.com,UAC-0063: Cyber Espionage Operation Expanding from Central Asia (464)
tieringservice.com,UAC-0063: Cyber Espionage Operation Expanding from Central Asia (464)
retaildemo.info,UAC-0063: Cyber Espionage Operation Expanding from Central Asia (464)
internalsecurity.us,UAC-0063: Cyber Espionage Operation Expanding from Central Asia (464)
errorreporting.net,UAC-0063: Cyber Espionage Operation Expanding from Central Asia (464)
enrollmentdm.com,UAC-0063: Cyber Espionage Operation Expanding from Central Asia (464)
lanmangraphics.com,UAC-0063: Cyber Espionage Operation Expanding from Central Asia (464)
rss-feed-monitoring.com,UAC-0063: Cyber Espionage Operation Expanding from Central Asia (464)
underwearshopfor.com,UAC-0063: Cyber Espionage Operation Expanding from Central Asia (464)
alfacentarusmulticopter.ru,CVE-2025-0411: Ukrainian Organizations Targeted in Zero-Day Campaign and Homoglyph Attacks (467)
johnfabiconinteraption.ru,CVE-2025-0411: Ukrainian Organizations Targeted in Zero-Day Campaign and Homoglyph Attacks (467)
storeagroculturnaya.ru,CVE-2025-0411: Ukrainian Organizations Targeted in Zero-Day Campaign and Homoglyph Attacks (467)
unicalads.ru,CVE-2025-0411: Ukrainian Organizations Targeted in Zero-Day Campaign and Homoglyph Attacks (467)
lazaretmed.pw,CVE-2025-0411: Ukrainian Organizations Targeted in Zero-Day Campaign and Homoglyph Attacks (467)
technoads.pw,CVE-2025-0411: Ukrainian Organizations Targeted in Zero-Day Campaign and Homoglyph Attacks (467)
oncomnigos.online,CVE-2025-0411: Ukrainian Organizations Targeted in Zero-Day Campaign and Homoglyph Attacks (467)
southlander.ru,CVE-2025-0411: Ukrainian Organizations Targeted in Zero-Day Campaign and Homoglyph Attacks (467)
goodmastersportunicum.ru,CVE-2025-0411: Ukrainian Organizations Targeted in Zero-Day Campaign and Homoglyph Attacks (467)
ukr-netfilediscdownloadapplication.ru,CVE-2025-0411: Ukrainian Organizations Targeted in Zero-Day Campaign and Homoglyph Attacks (467)
vu4fleh3yd4ehpfpciinnwbnh4b77rdeypubhqr2dgfibjtvxpdxozid.onion,Operation AkaiRyū: MirrorFace invites Europe to Expo 2025 and revives ANEL backdoor (475)
u4mrhg3y6jyfw2dmm2wnocz3g3etp2xc5thzx77uelk7mrk7qtjmc6qd.onion,Operation AkaiRyū: MirrorFace invites Europe to Expo 2025 and revives ANEL backdoor (475)
1drv.site,10 Things I Hate About Attribution: RomCom vs. TransferLoader (477)
1drv.zone,10 Things I Hate About Attribution: RomCom vs. TransferLoader (477)
1drvms.space,10 Things I Hate About Attribution: RomCom vs. TransferLoader (477)
1drw.live,10 Things I Hate About Attribution: RomCom vs. TransferLoader (477)
1share.limited,10 Things I Hate About Attribution: RomCom vs. TransferLoader (477)
file-cloud.company,10 Things I Hate About Attribution: RomCom vs. TransferLoader (477)
file-share.works,10 Things I Hate About Attribution: RomCom vs. TransferLoader (477)
healthfy.bio,10 Things I Hate About Attribution: RomCom vs. TransferLoader (477)
mspdf.live,10 Things I Hate About Attribution: RomCom vs. TransferLoader (477)
onedr.expert,10 Things I Hate About Attribution: RomCom vs. TransferLoader (477)
onefile.social,10 Things I Hate About Attribution: RomCom vs. TransferLoader (477)
pdf-share.pub,10 Things I Hate About Attribution: RomCom vs. TransferLoader (477)
share-doc.live,10 Things I Hate About Attribution: RomCom vs. TransferLoader (477)
1drv-storage.pub,10 Things I Hate About Attribution: RomCom vs. TransferLoader (477)
1drv365.live,10 Things I Hate About Attribution: RomCom vs. TransferLoader (477)
1drvfiles.online,10 Things I Hate About Attribution: RomCom vs. TransferLoader (477)
365drv.live,10 Things I Hate About Attribution: RomCom vs. TransferLoader (477)
drive-share.pub,10 Things I Hate About Attribution: RomCom vs. TransferLoader (477)
my1drv.online,10 Things I Hate About Attribution: RomCom vs. TransferLoader (477)
myonedrive365.live,10 Things I Hate About Attribution: RomCom vs. TransferLoader (477)
ondrve.live,10 Things I Hate About Attribution: RomCom vs. TransferLoader (477)
pdf-storage.pub,10 Things I Hate About Attribution: RomCom vs. TransferLoader (477)
sharepdf.limited,10 Things I Hate About Attribution: RomCom vs. TransferLoader (477)
storagedrive.pub,10 Things I Hate About Attribution: RomCom vs. TransferLoader (477)
d1rv.social,10 Things I Hate About Attribution: RomCom vs. TransferLoader (477)
dr365.live,10 Things I Hate About Attribution: RomCom vs. TransferLoader (477)
my-356drv.online,10 Things I Hate About Attribution: RomCom vs. TransferLoader (477)
1drive-work.online,10 Things I Hate About Attribution: RomCom vs. TransferLoader (477)
share-pdf.live,10 Things I Hate About Attribution: RomCom vs. TransferLoader (477)
1drvcloud.online,10 Things I Hate About Attribution: RomCom vs. TransferLoader (477)
file-acess.live,10 Things I Hate About Attribution: RomCom vs. TransferLoader (477)
1drv-team.works,10 Things I Hate About Attribution: RomCom vs. TransferLoader (477)
workspace-doc.live,10 Things I Hate About Attribution: RomCom vs. TransferLoader (477)
ondv.live,10 Things I Hate About Attribution: RomCom vs. TransferLoader (477)
my1drv.live,10 Things I Hate About Attribution: RomCom vs. TransferLoader (477)
gdrive-share.online,10 Things I Hate About Attribution: RomCom vs. TransferLoader (477)
1dv365.live,10 Things I Hate About Attribution: RomCom vs. TransferLoader (477)
365msdrv.live,10 Things I Hate About Attribution: RomCom vs. TransferLoader (477)
cloud-pdf.online,10 Things I Hate About Attribution: RomCom vs. TransferLoader (477)
drivestorage.online,10 Things I Hate About Attribution: RomCom vs. TransferLoader (477)
1drv365.online,10 Things I Hate About Attribution: RomCom vs. TransferLoader (477)
my-drive365.pub,10 Things I Hate About Attribution: RomCom vs. TransferLoader (477)
gdl-cloud.works,10 Things I Hate About Attribution: RomCom vs. TransferLoader (477)
gdrvdocs.online,10 Things I Hate About Attribution: RomCom vs. TransferLoader (477)
dvfilesync.pub,10 Things I Hate About Attribution: RomCom vs. TransferLoader (477)
storage-hub.pub,10 Things I Hate About Attribution: RomCom vs. TransferLoader (477)
data-dv.live,10 Things I Hate About Attribution: RomCom vs. TransferLoader (477)
gworkspace.social,10 Things I Hate About Attribution: RomCom vs. TransferLoader (477)
diskstorage.click,10 Things I Hate About Attribution: RomCom vs. TransferLoader (477)
365work.chat,10 Things I Hate About Attribution: RomCom vs. TransferLoader (477)
onedrweb.live,10 Things I Hate About Attribution: RomCom vs. TransferLoader (477)
pdfshare.click,10 Things I Hate About Attribution: RomCom vs. TransferLoader (477)
documentapproved.click,10 Things I Hate About Attribution: RomCom vs. TransferLoader (477)
cloudly.live,10 Things I Hate About Attribution: RomCom vs. TransferLoader (477)
drsync.click,10 Things I Hate About Attribution: RomCom vs. TransferLoader (477)
drshare.online,10 Things I Hate About Attribution: RomCom vs. TransferLoader (477)
drivenc.pub,10 Things I Hate About Attribution: RomCom vs. TransferLoader (477)
drivehub.live,10 Things I Hate About Attribution: RomCom vs. TransferLoader (477)
1day.live,10 Things I Hate About Attribution: RomCom vs. TransferLoader (477)
onestorelink.live,10 Things I Hate About Attribution: RomCom vs. TransferLoader (477)
1dcloud.live,10 Things I Hate About Attribution: RomCom vs. TransferLoader (477)
drivepoint.pub,10 Things I Hate About Attribution: RomCom vs. TransferLoader (477)
site-staff.sale,10 Things I Hate About Attribution: RomCom vs. TransferLoader (477)
driveshare.pub,10 Things I Hate About Attribution: RomCom vs. TransferLoader (477)
cloudlive.pub,10 Things I Hate About Attribution: RomCom vs. TransferLoader (477)
dvcloud.live,10 Things I Hate About Attribution: RomCom vs. TransferLoader (477)
drivepublic.live,10 Things I Hate About Attribution: RomCom vs. TransferLoader (477)
sharedrive.pub,10 Things I Hate About Attribution: RomCom vs. TransferLoader (477)
drivehost.live,10 Things I Hate About Attribution: RomCom vs. TransferLoader (477)
onlinedrive.click,10 Things I Hate About Attribution: RomCom vs. TransferLoader (477)
livestorage.click,10 Things I Hate About Attribution: RomCom vs. TransferLoader (477)
mydrv1.live,10 Things I Hate About Attribution: RomCom vs. TransferLoader (477)
1dv.online,10 Things I Hate About Attribution: RomCom vs. TransferLoader (477)
datadrv1.com,10 Things I Hate About Attribution: RomCom vs. TransferLoader (477)
onelivedrv.com,10 Things I Hate About Attribution: RomCom vs. TransferLoader (477)
clouderive.com,10 Things I Hate About Attribution: RomCom vs. TransferLoader (477)
cloud1dv.com,10 Things I Hate About Attribution: RomCom vs. TransferLoader (477)
1dvstorage.com,10 Things I Hate About Attribution: RomCom vs. TransferLoader (477)
journalctl.website,10 Things I Hate About Attribution: RomCom vs. TransferLoader (477)
drivedefend.com,10 Things I Hate About Attribution: RomCom vs. TransferLoader (477)
consvcprivacy.com,10 Things I Hate About Attribution: RomCom vs. TransferLoader (477)
opendnsapi.net,10 Things I Hate About Attribution: RomCom vs. TransferLoader (477)
mngersrv.com,10 Things I Hate About Attribution: RomCom vs. TransferLoader (477)
supportcausems.com,10 Things I Hate About Attribution: RomCom vs. TransferLoader (477)
deliverycitylife.com,10 Things I Hate About Attribution: RomCom vs. TransferLoader (477)
lauradream.com,10 Things I Hate About Attribution: RomCom vs. TransferLoader (477)
1drive.bio,10 Things I Hate About Attribution: RomCom vs. TransferLoader (477)
1drive.expert,10 Things I Hate About Attribution: RomCom vs. TransferLoader (477)
1drive.pub,10 Things I Hate About Attribution: RomCom vs. TransferLoader (477)
1drive.social,10 Things I Hate About Attribution: RomCom vs. TransferLoader (477)
1drive.works,10 Things I Hate About Attribution: RomCom vs. TransferLoader (477)
1drivecloud.click,10 Things I Hate About Attribution: RomCom vs. TransferLoader (477)
1drivecloud.live,10 Things I Hate About Attribution: RomCom vs. TransferLoader (477)
1drivems.expert,10 Things I Hate About Attribution: RomCom vs. TransferLoader (477)
1drivems.works,10 Things I Hate About Attribution: RomCom vs. TransferLoader (477)
onedrivecloud.click,10 Things I Hate About Attribution: RomCom vs. TransferLoader (477)
onedrivecloud.expert,10 Things I Hate About Attribution: RomCom vs. TransferLoader (477)
onedrivecloud.live,10 Things I Hate About Attribution: RomCom vs. TransferLoader (477)
onedrivecloud.net,10 Things I Hate About Attribution: RomCom vs. TransferLoader (477)
onedrivems.works,10 Things I Hate About Attribution: RomCom vs. TransferLoader (477)
onedrivems.cloud,10 Things I Hate About Attribution: RomCom vs. TransferLoader (477)
1drv.world,10 Things I Hate About Attribution: RomCom vs. TransferLoader (477)
1drv.me,10 Things I Hate About Attribution: RomCom vs. TransferLoader (477)
1drv.biz,10 Things I Hate About Attribution: RomCom vs. TransferLoader (477)
temptransfer.live,10 Things I Hate About Attribution: RomCom vs. TransferLoader (477)
cdngateway.us,10 Things I Hate About Attribution: RomCom vs. TransferLoader (477)
