file.hash.sha1,file.hash.sha1.details
018944fc47ee2329b23b74da31b19e57373ff539,Operation AkaiRyū: MirrorFace invites Europe to Expo 2025 and revives ANEL backdoor (475)
68b72da59467b1bb477d0c1c5107cee8d9078e7e,Operation AkaiRyū: MirrorFace invites Europe to Expo 2025 and revives ANEL backdoor (475)
02d32978543b9dd1303e5b020f52d24d5eaba52e,Operation AkaiRyū: MirrorFace invites Europe to Expo 2025 and revives ANEL backdoor (475)
2fb3b8099499fee03ea7064812645ac781afd502,Operation AkaiRyū: MirrorFace invites Europe to Expo 2025 and revives ANEL backdoor (475)
9b2b9a49f52b37927e6a9f4d6ddb180be8169c5f,Operation AkaiRyū: MirrorFace invites Europe to Expo 2025 and revives ANEL backdoor (475)
ab65c08da16a45565dba930069b5fc5a56806a4c,Operation AkaiRyū: MirrorFace invites Europe to Expo 2025 and revives ANEL backdoor (475)
875dc27963f8679e7d8bf53a7e69966523bc36bc,Operation AkaiRyū: MirrorFace invites Europe to Expo 2025 and revives ANEL backdoor (475)
694b1dd3187e876c5743a0e0b83334dbd18ac9eb,Operation AkaiRyū: MirrorFace invites Europe to Expo 2025 and revives ANEL backdoor (475)
f5ba545d4a16836756989a3ab32f3f6c5d5ad8ff,Operation AkaiRyū: MirrorFace invites Europe to Expo 2025 and revives ANEL backdoor (475)
233029813051d20b61d057ec4a56337e9bec40d2,Operation AkaiRyū: MirrorFace invites Europe to Expo 2025 and revives ANEL backdoor (475)
8361f7dbf81093928da54e3cbc11a0fcc2eeb55a,Operation AkaiRyū: MirrorFace invites Europe to Expo 2025 and revives ANEL backdoor (475)
1afdce38af37b9452fb4ac35de9fcecd5629b891,Operation AkaiRyū: MirrorFace invites Europe to Expo 2025 and revives ANEL backdoor (475)
e3da9467d0c89a9312ea199ecc83cddf3607d8b1,Operation AkaiRyū: MirrorFace invites Europe to Expo 2025 and revives ANEL backdoor (475)
d2c25af9ee6e60a341b0c93dd97566fb532bfbe8,Operation AkaiRyū: MirrorFace invites Europe to Expo 2025 and revives ANEL backdoor (475)
2b301191aa9e1d2c8e3eefd38b6eb1952b1fce88,10 Things I Hate About Attribution: RomCom vs. TransferLoader (477)
d890d4b40ce56f90b9ea168bf6d7bf5043a47319,10 Things I Hate About Attribution: RomCom vs. TransferLoader (477)
